House Size,Bedrooms,Age of House,House Price
2234,3,0,440030.38
2411,2,4,429794.17
1160,1,13,178160.75
2167,1,12,383238.74
2916,4,42,504871.54
1430,3,42,255453.18
1852,3,42,332408.24
1970,4,31,332386.96
2520,3,27,421286.83
1965,4,32,374891.34
3447,1,20,587535.63
1809,5,33,295035.11
2235,3,39,416046.88
2017,1,38,353137.4
1231,5,30,234992.5
3242,4,2,568003.4
1441,1,36,267286.16
1687,1,18,306577.01
3671,1,37,676922.05
4295,2,26,756153.77
3183,1,44,551264.06
4165,4,16,742311.44
3916,3,46,699655.52
2423,5,42,459611.7
3581,4,16,671404.5
1813,4,24,332183.54
2341,3,26,414861.85
2641,1,38,444187.94
4341,1,34,760186.03
3894,4,42,719147.49
2457,1,18,421313.19
3110,1,25,530204.53
1309,2,21,248411.54
3717,5,45,660974.77
2712,3,15,510081.07
2630,4,29,434464.45
3565,3,6,623115.9
3031,1,42,502821.67
789,2,19,108122.88
1652,1,17,274767.23
1206,4,29,219116.88
3439,1,24,591007.91
640,2,42,142259.32
1309,5,26,259228.79
2889,3,25,496513.73
3279,3,5,590290.91
2513,3,1,483793.47
3942,4,19,687020.82
4175,2,49,699938.5
1028,4,45,211930.98
4310,5,31,767869.28
2957,3,31,539239.69
3044,3,19,545607.06
880,1,8,180433.27
2987,2,0,515088.44
3402,5,16,623698.31
2823,3,15,505696.2
837,2,9,142372.18
2592,3,12,440570.44
4243,3,1,770624.98
3393,3,30,593790.95
1049,4,46,183484.39
4339,2,34,750106.42
4335,4,22,794710.38
1177,3,21,182075.24
3703,5,15,645577.23
2126,1,7,360162.27
2874,1,29,526203.58
2280,3,28,418051.74
3630,3,0,668446.34
4486,4,20,775816.78
3680,3,13,634009.28
4225,5,8,776006.27
4284,3,35,751445.49
860,1,26,166774.78
1513,1,31,261056.58
3387,5,35,619352.87
2860,1,49,489762.38
700,5,40,170555.35
880,2,31,181340.17
2582,1,43,409342.56
2964,2,23,477734.63
1170,4,49,243334.91
1185,3,38,246004.5
1017,4,32,183677.54
2759,4,45,457833.29
531,3,25,118250.7
2789,4,36,522346.76
2403,5,14,490861.89
2363,3,48,428835.95
3217,1,31,547055.67
2590,3,39,442837.39
3410,5,23,622729.03
3555,2,43,609164.71
4180,5,3,741098.64
3696,3,5,703295.11
2570,4,25,506603.37
2468,2,36,455880.97
1442,5,40,262722.99
2898,1,22,520960.39
1056,2,32,207512.53
4224,3,27,752130.91
3880,3,48,701393.31
978,3,32,202167.42
3643,1,20,646110.28
968,2,48,186098.13
3384,1,5,600095.83
850,3,49,125227.78
2452,2,7,443712.42
3131,3,14,551546.16
3415,3,41,574553.18
2174,4,36,432816.33
4186,3,48,762999.91
3597,4,37,667874.41
1333,3,31,255314.27
3184,4,17,605492.5
3422,4,0,625981.06
1834,2,6,341435.95
3452,2,14,587370.57
4093,4,2,746949.83
3768,2,25,659767.72
3550,3,38,598246.96
3037,1,48,516066.06
1582,3,24,293745.41
3680,3,43,680351.22
1956,4,49,374804.27
2628,3,42,466188.91
1757,2,23,322465.75
1752,5,16,344324.25
1130,3,48,204841.72
4345,5,12,764201.46
1091,4,20,218448.96
845,3,3,163528.03
4244,5,39,732873.69
2720,1,32,479824.44
2251,5,4,440895.29
3449,5,11,598195.85
2033,3,27,368356.31
1011,4,27,224984.03
3418,3,40,622244.47
1203,2,13,247826.74
2711,4,46,487248.26
4296,2,22,732619.09
4244,2,41,711406.02
1943,3,11,368802.1
3621,5,1,674755.6
2950,2,2,554446.62
2417,3,18,461689.59
1059,1,47,178585.43
2005,1,2,335165.88
3107,1,18,534607.87
4446,1,5,778164.62
519,5,46,117788.34
3371,5,33,600312.12
3885,5,38,702307.7
4304,1,35,727600.85
2195,1,32,367788.68
973,2,38,184439.06
1583,3,0,297070.15
3902,2,43,679022.09
4011,3,36,708934.08
3048,1,36,500971.42
990,4,19,195075.18
987,2,40,208545.54
2412,1,19,399198.41
2853,4,2,485876.91
629,5,45,103693.1
3244,1,11,567662.2
2678,3,5,489878.35
549,5,31,130577.78
882,4,11,213823.8
2317,5,42,375633.31
3390,3,22,611418.68
3801,2,0,705398.76
2225,4,47,380894.38
1681,1,25,288173.87
4373,2,13,751152.16
2334,4,33,409693.08
1761,4,26,326444.76
2269,1,1,433879.71
548,3,37,151107.73
1707,2,20,303471.22
2562,3,34,496041.2
4173,5,44,744521.53
3452,1,30,629913.82
3625,5,33,653184.03
2679,3,12,489251.16
942,4,11,207049.49
2063,3,20,442287.07
4488,2,42,791185.71
676,4,26,134374.71
4016,4,17,739299.96
3237,1,38,547853.35
1635,4,42,295355.0
3611,4,45,658042.03
3847,2,14,677011.71
672,5,35,157811.52
925,4,29,189929.7
3162,2,22,563471.66
4496,1,19,785219.32
595,4,5,104410.66
3162,2,13,573671.45
1046,4,27,191379.61
3100,3,44,516554.02
2993,3,43,526441.78
861,1,9,164449.62
3222,4,33,564669.88
4088,1,4,729980.64
3953,3,33,667966.5
615,5,17,141611.13
1483,5,22,283612.52
1463,5,35,285778.25
2313,5,21,442387.29
1072,3,40,182082.14
3917,2,26,697975.65
3607,5,49,646850.05
3733,5,31,636371.07
1292,5,14,226868.17
558,4,38,123413.61
4142,1,20,711720.65
1655,3,26,304881.6
3125,3,6,564290.35
4137,5,5,757801.2
644,2,28,145232.99
521,2,9,90747.9
521,1,49,65530.57
1125,5,42,204583.52
706,4,35,155798.33
3779,1,36,672928.95
2923,3,29,512683.21
4420,3,3,736166.0
3705,3,19,624170.14
4352,5,24,765579.27
1454,1,45,238025.42
1651,2,10,296502.23
3897,1,24,673661.62
1479,2,17,266395.07
728,5,6,194346.79
3176,5,5,576399.65
3703,1,18,625063.64
4372,4,4,795217.51
4211,2,3,711957.16
980,1,17,187593.83
3588,2,10,636011.06
3884,1,27,666531.15
3292,3,0,627405.52
3779,5,15,675985.85
3851,3,22,723075.96
2286,4,48,408911.37
660,3,31,110259.67
